Name,Phone Number,Email,Age
Peter Mcdowell,+1-740-596-9708x015,philiphoward@example.org,27
Matthew Murphy,4677884261,eatonjohn@example.org,18
Warren Thomas,(242)766-9348,qfields@example.org,22
Anne Stewart MD,001-952-406-3800x12756,clinesusan@example.org,59
Madison Reynolds,+1-656-999-4760x920,carriepeterson@example.com,59
Christopher Warren,001-820-399-1196,olsonleslie@example.org,46
Kenneth Wood,001-368-364-5632x0705,jessica39@example.org,29
Nicole Robinson,001-619-812-9659x3794,davisjohn@example.com,41
Jason Barrett,001-335-955-6699x3757,joseph44@example.net,26
Suzanne Harper,001-631-308-4950x6998,pjenkins@example.net,46
Craig Ibarra,(683)776-3823x1744,joeflores@example.net,64
Cody Perez,001-827-961-1484,coffeycharles@example.org,64
Ms. Jenny Smith,756-889-3620x0534,jamesmurray@example.com,50
Margaret Robinson,+1-356-957-9450,rhondamartinez@example.net,64
Ryan Doyle,+1-273-276-2109x205,gutierrezshelley@example.com,45
Michael Becker,499.644.3723x13262,riceholly@example.net,59
Richard Zimmerman,+1-545-349-6192,johnortiz@example.net,34
Jennifer Evans,(244)509-6582x194,blackwellchristine@example.org,21
Christopher Gray,3538088472,williamsjustin@example.net,46
Chris Lee,001-736-482-2618,hollymorgan@example.net,55
Stacy Oconnor,638.699.8512x262,phamtravis@example.net,53
Mary Brown,001-826-785-8846,stewartjamie@example.net,38
Kathryn Anderson,9809801116,stephaniegregory@example.org,38
Margaret Williams,371.396.4923,hunterduffy@example.com,29
Daniel Powers,+1-330-611-6788x2262,emilyward@example.com,58
Candace Moyer,628-201-9124x18531,josephmaddox@example.net,65
Robert Smith,578-313-3303x174,heather39@example.org,39
Katelyn Kirk,+1-625-303-5236x600,christopher77@example.net,30
Andrew Kramer,+1-220-737-4434x02437,ngriffin@example.net,23
Christy Collins,(982)371-7397x88063,smithjacqueline@example.com,40
Christina Lawson,765.398.3739x68586,zwright@example.org,38
Jose Potts,001-232-564-1661x8319,hollandelizabeth@example.org,41
Susan Gray,001-435-430-7675x11790,fdickson@example.com,47
Joseph Clayton,522.915.3643,grahammark@example.net,36
Ronald Oliver,001-792-935-8880x6281,jonessamuel@example.net,29
Daisy Cummings DDS,648.231.7709x524,hernandezcassandra@example.org,37
Michael Proctor,831.469.7084x206,masonjessica@example.org,44
Michael Carter,001-984-325-4951,maynardwendy@example.org,53
Sara Bruce,(329)452-0804,sellerslindsey@example.com,49
Amber Tate,001-351-321-5488x31847,rhondamccarthy@example.org,28
Dawn Roberson,756-313-5875,solomonmichael@example.com,65
Laura Holmes,749-316-1702,esantiago@example.net,46
Debra Carr,522.519.1711,christy28@example.org,21
Sarah Carr,683.643.7487x009,esmith@example.com,33
Brian Mcknight,696-761-0497x269,erikawilliams@example.net,35
Rachel Grant,+1-596-425-0679x638,shawn78@example.org,38
Andrew Roy,(400)422-8955x10495,michelle68@example.com,37
William Cruz,001-976-309-5082x868,barbaramartin@example.com,48
Richard Collins,(479)517-0551,leedenise@example.com,63
Cory Riddle,+1-894-825-3541x4380,tiffany22@example.net,25
Kimberly Frank,001-369-738-6245x793,james28@example.net,65
Tracy Boone,(534)708-0347x217,justin50@example.com,62
Alisha Perry,530-214-5532x29367,uscott@example.com,28
Adam Maynard,(957)326-1301,brownmichelle@example.org,45
James Paul,(857)620-6039,ryanhill@example.net,43
Rodney Mcdonald,(588)484-0697x448,rchapman@example.com,52
Nathan May,9106642899,danielkramer@example.net,29
Robert Peters,001-520-681-0768,usmith@example.net,50
Amanda Shepard,942.323.4618x69583,williamsnancy@example.com,24
Darius Martin,781-869-4221,brianwillis@example.org,36
Melanie Garcia,(313)804-1817x315,osbornjesse@example.com,22
George Dixon,756.932.4794,alec29@example.net,47
Charles Lozano,207.887.0260x375,donaldpham@example.com,23
Cynthia Landry,380.708.5079,brenda27@example.com,63
Abigail Norman,269.432.9930,jeremiah78@example.org,59
Pamela Forbes,296-536-6688x341,patricia02@example.org,53
Rebecca Burns,791-344-2151,sean65@example.net,49
Jose Herman Jr.,+1-662-645-3371x816,rothdorothy@example.com,21
Robert Mitchell,891.765.6832,simonlaura@example.net,54
Richard Henderson,001-393-743-5910x96200,joshua72@example.org,30
Mark Rodriguez,935-760-7896x72105,pattersonsamantha@example.org,25
Pamela Arnold,(602)947-4163x0329,meghan11@example.com,54
Sheila Luna,563.458.7987,meyerbrenda@example.com,59
Erica Shepherd,349-323-8073,heididelacruz@example.org,52
Brittany Peterson,7005070025,james53@example.org,60
Cassidy Anderson,2826400229,uwhitaker@example.com,19
Holly Grant,(933)603-8172x7706,brooksjennifer@example.net,63
Darren Clarke,445-860-2293,sue02@example.net,59
Lisa Martin,001-880-243-5020x7591,kristy87@example.org,35
Jason Weaver,669-801-0156,michaelgonzalez@example.net,38
Steven Strickland,678-513-5555,timothy32@example.org,52
Jonathan Perez,301.351.9802,daniel00@example.com,49
Jeffrey Stewart,+1-564-447-1744x73990,amyfreeman@example.net,30
Jonathan Acosta,+1-656-557-5237x40197,laurieramos@example.org,40
Amber Smith,419.737.2046,brookslori@example.net,26
Erin Fox,+1-444-931-3456x5158,bergedward@example.com,28
Tanya Wood,813.504.8534,jacob71@example.net,61
Donald Davenport,(603)831-7198x6240,qwang@example.org,26
Shawn Rivera,001-648-663-1867,qmiller@example.com,32
Nicole Hensley,201.826.0251x0587,gwalker@example.org,43
Vicki Riddle,+1-753-828-9386x5690,mullinspaul@example.net,65
Richard Hernandez,001-558-229-3046x3013,martinezdavid@example.org,44
Paul Chambers,(348)800-6618x302,tony69@example.com,24
Jordan Murphy,(948)232-9217x09017,xparker@example.com,39
Joshua Vasquez,562-615-1506x0703,kevinmorris@example.org,64
Michael Riley,8147677470,destiny87@example.org,56
Olivia Collier,001-606-897-7486,sharon55@example.net,31
Michelle Beck,001-621-419-2866x66950,michaelgray@example.net,19
Jason Schultz,(757)547-4927,tracybrown@example.org,61
Kara Gonzales,4272699735,michaelsmith@example.net,27
Lisa Lozano,622.686.1781,awilson@example.com,37
Lisa Robinson,(376)970-6753x74896,lauraallen@example.com,57
Alexander Sullivan,416.207.7191x670,otucker@example.net,61
Joshua Weber,+1-467-571-3388x9394,hoodbailey@example.com,48
Amanda Wood,001-843-617-6403,wgarrett@example.org,63
Christopher Harvey,400.700.3726,emily42@example.net,62
Jacob Adkins,(994)694-7391,nmitchell@example.org,59
Robyn Cain,8404928735,christianharding@example.net,33
David Vargas,001-738-636-0205,ashleygarrett@example.net,53
Dominic Wright,989-703-6522x1015,zimmermanbradley@example.com,27
Bobby Peters,507.831.1513x12731,mcguirescott@example.org,23
Brian Salinas,5636793138,torresapril@example.org,23
Kenneth Landry,+1-890-594-5148x7204,katherine72@example.org,49
Barry Hernandez,(285)984-6391,odoyle@example.com,61
Karla Burke,815.869.7640,erik89@example.net,48
Alison Reyes,+1-472-664-7920x6355,wesley87@example.net,48
Shane Bradley,001-482-250-0405x2573,matthew57@example.net,28
Courtney Davies,462-544-4010,brownalison@example.org,23
Ashley Hobbs,+1-619-728-4579x255,nstewart@example.com,40
Tamara Wright,814-697-3432x937,baileydavid@example.net,32
Stephen Williams,2292372871,jrichard@example.net,29
Susan Smith,411.408.9582,shawn48@example.net,65
Stephen Jarvis,300.205.0666,amy66@example.com,63
Maria Price,001-396-681-7907x25095,justinjohnson@example.com,49
Jessica Delgado,+1-357-413-5307x61830,yreid@example.org,59
Isabella Burns,683.330.1581x620,wcruz@example.com,59
Chris Figueroa,+1-842-225-5626x7639,hansensamantha@example.com,35
Benjamin Davis,001-444-359-6199x04995,davidparrish@example.com,39
Alison Butler,(533)957-5296x9435,rosborne@example.org,44
Mr. John Curtis MD,246.594.5467x172,ssmith@example.org,21
Cody Clark,(288)678-5726x42779,april07@example.net,54
Kimberly Jenkins,+1-685-738-3735x4984,ubrown@example.net,41
John Williams,001-330-327-0269x85238,rcalderon@example.org,63
Jason Blankenship,8943478155,leestephanie@example.net,57
Whitney Mcguire,(784)402-0295x5287,nathanburgess@example.com,56
Nathan Carter,001-616-252-0630,fieldskelly@example.com,59
Karen Edwards DVM,(843)377-7083x250,klineleslie@example.org,26
Amy Bryant,+1-964-998-0678x5840,greenpaul@example.org,35
Kelly Barker,(562)537-0210x6977,goodmancathy@example.org,29
Eric Morris PhD,(781)497-5296,howelldavid@example.com,50
Patrick Young,765-739-2068,ibutler@example.com,25
Rita Lin,356-587-6687,jacquelinemassey@example.net,21
Denise Roy,001-287-647-4167x74219,lewiselizabeth@example.com,50
Eric Shepard,001-862-255-9852x6774,laurawallace@example.net,50
Veronica Simmons,633-832-0947x271,samanthabrooks@example.com,65
Amy Hernandez MD,311-353-0481,smccarthy@example.org,50
Matthew Wright,001-413-788-3250x02821,williamsveronica@example.org,45
Janice Garcia,614.894.4645x98418,jparks@example.com,44
Justin Shields,964-288-7813x42228,mlindsey@example.com,62
Thomas Sullivan,926-712-3044x4609,john29@example.com,24
Kathleen Johnson,715-951-5905x8205,browncourtney@example.net,25
Sherri Fletcher DVM,(329)798-0406,simpsonsarah@example.com,39
Sarah Price,(854)963-8583,mooreelizabeth@example.org,41
Brandon Griffin,001-376-976-5208x0014,phoward@example.com,55
Anna Lozano,293-583-1773x580,urose@example.org,45
Patricia Cruz,001-365-533-9223,gregory70@example.net,30
Gabriel Peterson,801.700.6033,mthompson@example.org,30
Tara Silva,956-864-5908x9504,mcdonaldgary@example.com,29
Kevin Smith,(756)561-7298x955,lisa54@example.org,49
Aaron Davis,691.295.2374,jessecampbell@example.com,32
Kelly Hall,9882154555,gnorris@example.com,61
Travis Lee,001-992-312-7301x8012,riverageorge@example.net,38
Randy Clark,291-510-1883x6758,elizabeth45@example.com,39
Paul Anderson,363-818-1181x44591,uweiss@example.org,37
Jamie Ramirez,4602522651,margaretingram@example.net,49
Barbara Jackson,(364)607-2399,littlejoyce@example.com,47
David Lopez,(761)823-0099x854,williammorris@example.com,25
Tracey Meyer,631.236.2901,priceadam@example.net,44
Anthony Santiago,513.757.4175x007,ngonzales@example.com,21
Ethan Gibson,001-512-549-7309x3020,micheal98@example.org,23
James Williams,701-552-1438,blairjessica@example.org,45
Craig Lee,719-237-1032,russellkaren@example.org,37
Benjamin Cross,348-804-3785,millertara@example.net,49
Jeremy Davis,001-449-388-3976,adamselizabeth@example.org,35
Anna Dillon,4066104233,david79@example.net,43
Melanie Bennett,(389)798-8712x0783,debra28@example.net,50
Anna Jordan,(666)881-5888,millermichelle@example.net,64
Debbie Potts,204-508-5493,fchung@example.com,54
Lisa Keller,498-741-7187x91299,rchase@example.com,50
Kenneth Johnson,367.391.1567,timothy95@example.com,27
Dawn Black,(238)786-6937x520,eric29@example.org,65
Nicole Martin,001-227-947-4623x70600,cassandraparker@example.com,45
Ethan Arnold,388-933-6510x9006,prestonannette@example.org,56
Jennifer Blevins,001-970-743-1729x56389,xschmidt@example.org,30
Mrs. Caitlin Russell DVM,+1-879-363-2510x43605,patrick98@example.org,40
Willie Cox,(854)403-7419x44250,collinsnathan@example.com,42
Melissa Scott,357.678.9552x102,hopkinsrebecca@example.org,61
Pamela Hall DVM,856.265.1101x98994,beltranhector@example.org,51
Maureen Ortega,(393)512-1797x59572,matthew09@example.org,58
Craig Brown,001-907-519-1020x3084,ritterholly@example.com,27
Leslie Santos,001-615-849-1575,jenniferking@example.com,31
Randy Wright,+1-593-292-2793x64463,hhernandez@example.org,45
Michelle Mueller,001-241-881-3736x290,greenrobin@example.com,38
Melinda Barnett,001-306-315-0715,tristan74@example.org,48
Angela Howell,582.259.6934x672,guzmanjulie@example.net,34
Lori Juarez,001-239-735-1254x06909,jeffreywilliams@example.org,50
Rhonda Carlson,261.954.1251x358,ksmith@example.net,23
Alexis Giles,(938)487-6528,joshuathomas@example.com,57
Mark Tran,(309)706-4175x08304,rachel41@example.org,44
Christopher Ware,(224)907-6070x7509,marshallchristopher@example.org,20
Leonard Little,+1-527-447-9770,angelawilliams@example.com,22
Susan Davis,206-360-4860,cynthia00@example.net,47
Kylie Strong,564-876-1063,davidmartin@example.net,23
Walter Martin,317-501-3221x5673,zbauer@example.net,55
Rose Russell,(969)507-4282x4975,kennedysabrina@example.net,65
Lisa Brown,827.681.5003x122,roy68@example.net,64
Bailey Riddle,(349)661-6709,zreid@example.com,28
Haley Bennett,001-746-376-0148,timothyflores@example.org,54
Sheri Garza,(767)537-9839x75182,cynthiagray@example.net,26
Paul Ochoa,+1-263-278-3951x890,djohnson@example.com,65
Kimberly Diaz,277-212-3969,marybutler@example.org,36
Paul Taylor,+1-894-996-7053x689,parkjessica@example.org,54
Kimberly Delgado,(960)762-2101x7161,elizabeth98@example.net,24
Stephen Singleton,001-683-878-9036x0523,woodardmichael@example.com,28
Stephanie Smith,001-814-219-6928x28416,daleshannon@example.net,45
Raymond Moss,+1-566-667-8304x12093,hsmith@example.net,65
Calvin Pineda,843.978.9801x57229,stewartmichelle@example.com,46
Henry Boyle,(764)715-0819x914,josekelley@example.net,28
Diane Thompson,869.987.0501x3748,juliahuynh@example.net,55
Judith Weaver,+1-642-298-6892x767,mcleanalec@example.org,63
Joshua Shields,+1-871-335-2023,rbrown@example.com,29
Michael Lloyd,4598338687,thomas61@example.com,41
Steve Howard,001-673-720-7050x546,cglover@example.org,55
Megan Reeves,(275)612-5399x668,awang@example.org,42
Diane Hatfield,001-413-968-7726,lindseyrandy@example.org,58
Sydney Rodriguez,(750)918-3299x891,afrazier@example.org,24
Ms. Karen Fitzpatrick,+1-974-636-0461x176,johnsonruth@example.net,62
Pamela Munoz,386-966-0338x9119,kdillon@example.net,20
Savannah Ramos,+1-604-897-0182x2931,roycatherine@example.net,28
Adam Martinez,(750)361-8203x499,kware@example.net,63
Diana Jordan,(505)251-8114,wilkinschase@example.com,20
Matthew Schneider,632-988-0883x454,marciahuber@example.org,56
Sydney Salazar,(448)490-9370x67457,gene54@example.com,43
Aaron Jones,2004343565,frederickwilliams@example.net,51
Fred Clark,(427)881-6892x293,ricky75@example.com,35
Michael Booker,212.264.6705,fitzgeraldjasmine@example.org,62
Sarah Mercado,661.974.9588x718,perkinskaitlin@example.com,52
Philip Fox,+1-496-348-5529,david42@example.net,53
Mrs. Kimberly Hunter,(308)893-1448x4634,tammystewart@example.com,45
Jonathan Gardner,5916647009,sheriberry@example.net,50
Jose Harris Jr.,+1-263-729-0666x1906,lewisjames@example.org,39
Jennifer Ramirez,(575)860-6846x038,jeremyroberts@example.com,26
Brady Escobar,001-541-308-8205x72097,scott25@example.net,53
Charles Lee,001-370-523-5428x9809,osimmons@example.org,18
Audrey Moody,001-818-760-1920x0143,mjohnson@example.net,57
Dr. James Jones,(527)867-3883x76833,biancawilliams@example.com,58
Sabrina Smith,+1-612-300-0723x62117,pagemario@example.com,23
Eric Blair,853.457.9145,alexanderpamela@example.net,52
Joshua Keith,(867)513-8941,johnsonelizabeth@example.net,42
Danielle Tanner,7715937486,jesseallen@example.org,34
Tiffany Mann,346.674.7814x9760,maria21@example.com,44
David Phillips,834-316-9799x693,john74@example.net,33
Noah Fields,001-870-224-4801x88332,ubrown@example.net,24
Kimberly Gardner,+1-989-697-5401,jmoreno@example.com,47
Christopher Brown,001-924-608-6613,caitlinmatthews@example.net,45
Sarah Gates,527.838.9560x55905,williamscrystal@example.net,36
Tiffany Morton,357.913.0403x205,xmartin@example.org,61
Joseph Perkins,001-998-913-1442x19192,tonyakrueger@example.org,49
Leslie Walker,500.642.0570,okennedy@example.org,19
Michael Adams,(540)616-5794,dlee@example.net,59
Donald Maldonado,(272)536-4851x951,sergio09@example.org,49
Rachel Roth,5533585310,casey45@example.net,22
Chris Cabrera,(848)495-7966,tcalderon@example.net,56
Brooke Daniels,8922491431,maria71@example.com,26
Amy Smith,469.474.2154x000,iwilson@example.com,24
Maurice Wood,001-671-529-5105x322,shawn92@example.org,63
David Turner,(365)325-8817x38603,scottcandice@example.com,19
Barbara Rodgers,7396263640,esparzaedward@example.net,20
Donna Arnold,+1-624-603-5991x0240,jacobskaren@example.com,37
Jared Galvan,690.365.2615x76158,aarondiaz@example.org,46
Katrina Guerrero MD,+1-711-482-6753x30408,ryanalexis@example.com,61
Christopher Sullivan,547-567-1924x6752,shellygarcia@example.org,49
Nathan Frank,+1-900-993-8841x83610,pscott@example.org,46
Greg Hickman,001-650-457-1455x2081,andrew71@example.net,24
Steven Nunez,(573)544-3886x48642,colleenkirby@example.org,49
Billy Hernandez,564-774-4983x1183,tvalencia@example.net,39
Juan Jackson,001-242-294-0626x839,collinsmelanie@example.com,20
April Freeman,(206)275-0855,julia58@example.org,48
Timothy Haas,252.308.0021,pcooper@example.net,63
Brenda Clark,+1-978-365-6401x5958,wolfechristopher@example.net,44
Mark Mcdonald II,001-824-653-6699x1125,bethanyware@example.org,48
Crystal Hernandez,+1-874-338-5153x289,jessicapowell@example.net,47
Janet Aguilar,418.828.3910,angelajackson@example.net,27
David Welch,791-816-8670x831,samueltran@example.com,23
Scott Shea,001-735-510-6373x467,turnerparker@example.com,62
Jesse Sutton,441.369.7754,wrightjose@example.org,22
Erika Lindsey,(713)642-9361,anthony19@example.org,20
Tyler Cantu,(660)593-6674x8270,gatesdylan@example.org,50
Mario Walker,(598)817-4754x075,mark03@example.net,61
Anna Fox,8177330586,melissaherring@example.com,45
Emily Collins,(995)988-8602,archeralbert@example.org,22
Stacy Evans,(973)324-8848x728,brittanyjenkins@example.net,39
Brent Pearson,4716608004,xleon@example.net,61
Brandi Robinson,514-376-5689,davidmelton@example.com,27
Heidi Heath MD,(280)449-2232,jclark@example.net,58
Danielle Mcdonald,+1-414-388-6275x11764,allisonmartin@example.com,61
Kristopher Leonard,001-351-269-8222x48389,henry40@example.net,19
Alexander Cowan,318.873.5046,phillipstara@example.com,38
Dylan Carter,001-839-230-2707x4490,kelsey09@example.com,54
Jessica Schaefer,780-428-1966x5098,joseph41@example.net,64
Amanda Campbell,3833108136,shannonmiles@example.com,32
Wesley Carter,998.618.0492x79900,anthonyhampton@example.net,36
Jose Johnston,800.692.4063x60618,scottchristopher@example.org,65
David George,(708)482-2599x23153,hudsonannette@example.org,56
Tamara Mathis,737-697-1509x503,zbailey@example.net,24
Anthony Thomas,+1-733-885-9573x8746,johnsontimothy@example.com,30
Jeffrey Dunn,582.370.2011x358,ihernandez@example.org,19
Harold Brock,685-753-9038,randyatkins@example.com,64
Reginald Hill,3888255943,timothy05@example.org,43
Aaron Hill,634.558.9491,williamsdaniel@example.org,25
Denise Goodman,001-271-895-6189x309,kimjeffrey@example.org,27
Michael Taylor,444-466-0368,holiver@example.com,63
Steven Morse,001-310-442-5041x350,davissandra@example.org,39
Janice Downs,001-810-483-5693x3507,nthompson@example.com,50
Brittany Campbell,+1-734-911-0192,laurawilliams@example.org,18
Matthew Cohen,3552287592,michellestanley@example.com,35
Andrew Newton,966-818-4345,paulnielsen@example.com,25
Jasmine Barr,(297)456-3745x35658,xmorrow@example.net,63
Anna Mitchell,(703)921-2581x01546,debra05@example.com,62
Corey Vazquez,270.704.4982,ericgarcia@example.net,43
John Craig,001-239-419-6013,ascott@example.org,26
William Murphy,532.335.8111x30458,eatonfrederick@example.org,26
Robert Clark,+1-431-553-5981x378,jean85@example.net,27
Brian Rodriguez,(407)983-6316,mmcknight@example.org,27
Donna Cooper,474.303.7264,rhonda26@example.com,30
Ms. Samantha Jones,459-283-1722x72210,claytonholland@example.com,55
Amy Foster,929-667-4936x692,cervantesmary@example.org,32
Ryan Bridges,+1-470-848-3016x8260,millerrobert@example.org,54
Cindy Marsh,446.961.3829x0378,harrisdakota@example.com,49
Kara Humphrey,001-679-606-6818x879,pharper@example.org,52
Anthony Stanley,(850)354-1350x2733,jackwood@example.org,55
Alexandra Benson,5008624855,jchen@example.net,48
Cynthia Mcbride,(373)215-6148,huntjake@example.net,57
Benjamin Stevens,+1-740-440-9736x75896,ronaldfisher@example.com,27
Gregory Rivas,+1-548-470-0519x3500,jacob04@example.com,58
Nancy Reed,+1-982-582-8600x11163,perezdaniel@example.net,43
Jessica Dougherty,8435007322,estesmisty@example.net,32
Richard Williams,8702134455,kimberly05@example.net,49
Ronald Gomez,(378)820-3815x7465,jameszimmerman@example.com,26
Ashley Nichols,001-839-577-3147x8934,robert12@example.com,40
Adriana Goodwin,600.793.2403,timothy92@example.org,26
Katherine Salas,(471)265-9203,randallcole@example.com,53
Colleen Crawford,881-682-9311x00791,matthewevans@example.com,47
Elizabeth Miller,(553)244-4154,robertdennis@example.org,42
Emily Roberts DDS,235.428.8759x4528,pjacobs@example.com,47
Charles Cooper,001-307-532-4073x3556,ibauer@example.com,21
Christopher Cummings,+1-329-378-7720x24559,steven18@example.org,32
Alec Khan,374-936-6997x11391,mjones@example.net,18
Mary Mitchell,877.442.4294,terryparker@example.com,18
Wayne Copeland,353.665.6451,hudsonbrett@example.com,30
Randall Boyle,251-315-7550x18296,john78@example.org,64
Mikayla Gomez,001-952-346-2753x384,upatel@example.net,30
Michael Campbell PhD,(535)675-7170,michaelandrade@example.com,31
Jennifer Byrd,+1-498-942-0490x9528,wesleymoore@example.net,63
Stephen Meyer,913-757-6915x195,jennysmith@example.net,35
Samantha Martinez,6038200122,jasoncrawford@example.org,48
Mandy Baker,534.560.0321,blee@example.org,35
Stephanie Castillo,739-394-8471,clarkpreston@example.org,51
Sabrina Baldwin,9892899036,mbell@example.com,56
Kelly Baird,(972)405-3831,xfrye@example.com,61
Christopher Moore,(295)580-9837x341,crivas@example.org,64
Randall Sutton,537-797-5472x016,ehunter@example.com,46
Martin Harding,893-209-3439x691,ryandavis@example.org,44
Amanda Hodge,(606)594-3591x613,susan45@example.net,22
Margaret White,821-620-2939,kellywarner@example.com,59
Joanna Fox,+1-874-471-6663x113,rhardy@example.net,45
Jason Rodriguez,353-559-2717x706,hughesangela@example.org,37
Ashley Duke,+1-791-451-5021x9885,rjacobs@example.com,31
Rickey Potts,(616)739-2497x26735,efrazier@example.net,48
Jill Daniels,3569572857,markholloway@example.com,50
Crystal Roberson,341-393-7206x53866,ldaniels@example.com,35
Matthew Weaver,(774)794-8812x9345,victoriascott@example.org,35
Kellie Stanley,4952949783,carrolljames@example.org,56
Elizabeth Jones,320.533.4775,taylorrodney@example.net,43
Leslie Powell,216.599.2058,samanthavalencia@example.com,54
William Fields,+1-204-594-4407x41565,kylewilson@example.org,37
Julie Gilmore,4765449560,daniel01@example.com,26
Beth Hughes,411.714.9255,uestrada@example.net,63
Sarah Cox,(720)254-4295,anthonytammy@example.net,20
Julie Morse,001-994-888-5714x41531,lauren28@example.net,29
Latoya Page,(973)397-2416,mckaymichael@example.org,23
Laura Lopez,880.230.0576x6601,xjones@example.org,19
Rebecca Gonzalez,(657)785-2323,hsexton@example.net,29
Kevin Alvarado,769.250.2404x54908,jillhaynes@example.org,37
Terri Walker,436-918-2605x4760,patriciasnow@example.com,33
Donna Lyons,770-211-5431x036,patrick53@example.net,31
Julia Gonzalez,952-235-2757x475,perkinsjeffrey@example.net,24
Leslie Rios,(453)210-0350x388,ucole@example.org,56
Erik Garcia,451.703.9891x827,juan22@example.org,58
Michael Lara,455-729-8452x488,kevin65@example.net,18
Margaret Hunt,331-895-5225,steven59@example.org,41
Jessica Tran,001-281-441-7429x3352,rruiz@example.net,41
Jose Hall,989-925-3035x249,daniel47@example.org,54
Sophia Morgan,762.639.4389,valeriedorsey@example.net,50
Marilyn Blackburn,489.385.5716x21472,hlee@example.org,39
Jennifer Jones,960-526-1919x960,adamchen@example.com,53
Stephen Gardner,001-454-788-3251x5328,christopher29@example.com,26
Jennifer Castro,362.568.1268x2316,yfranklin@example.net,51
Keith Mason,+1-756-435-4117x6343,julie40@example.com,53
Curtis Parker,547.997.3462,kpope@example.com,45
Tanya Pearson,(899)279-3483,gordon22@example.net,39
Aimee Crawford,2255931464,youngjennifer@example.net,40
Scott Hill,2666356851,shermanbarbara@example.com,29
Abigail Spears,(467)588-6039x0093,david95@example.com,56
Mrs. Kayla Grimes PhD,739.826.4194x476,newmandiana@example.org,61
Elizabeth Murphy,(846)418-8174x48276,iward@example.com,24
Victoria Bradley,471-633-5436,nancyhowell@example.org,35
Christopher Wells,(329)772-2861,drodriguez@example.net,25
Terrence Bennett,001-239-733-0525,suzannemendoza@example.com,28
Mark Salinas,(585)322-5020x72442,smartin@example.com,18
Kathy Mayo,+1-420-318-8837x880,orodriguez@example.com,57
James Nelson,438.231.8911x5895,ibradford@example.com,44
Benjamin Dean,+1-589-725-6600x3402,meyerbrenda@example.org,20
Michael Macias,931.650.6578,brent81@example.com,30
Ariana Vincent,423.930.7169x02897,james04@example.net,27
Johnathan Hodges,(396)540-9361x383,yramirez@example.org,20
Jennifer Robbins,6537260081,esimpson@example.org,60
Amanda Reed,7669019772,jcampbell@example.org,25
Tina Rhodes,8667811684,joseph86@example.net,44
Michael Scott,397-434-8406x127,bellhannah@example.net,26
Scott Lee,469.202.1593x0226,matthewgolden@example.org,41
Rebecca Robertson,2876203447,karen50@example.org,51
Jessica Foster,704-885-7668x3691,garrisonjoanne@example.org,63
Michael Knapp,448.642.3854x1181,hrobertson@example.org,39
Stephanie Sullivan,293.285.6451x5607,cthomas@example.org,58
Erik Rodriguez PhD,(384)761-1051x418,deleonjoanne@example.com,45
Evelyn Nelson,(773)927-9055x8914,kimberly61@example.com,55
Dr. James Silva DVM,(412)472-2608x66825,elizabeth03@example.net,53
John Anderson,(494)329-9178,carolinepatel@example.com,51
Susan Pacheco,+1-988-901-3054,tammy52@example.net,48
Christine Davis,230.955.3933x3277,shane25@example.net,40
Michele Dorsey,573.977.3684x81530,sherry23@example.org,18
Harold Reyes,+1-748-423-8146x11945,jonestheresa@example.net,19
William Ayers,+1-966-250-5110x991,icampbell@example.com,64
Tracey Lee,781.981.7973x3325,danielsanders@example.org,23
Maria Wallace,754.319.9633,michaelortega@example.com,53
Jessica Vazquez,001-330-403-6634x49391,hernandeznancy@example.net,21
Kayla Morgan,(221)942-7614x290,michaelsmith@example.org,63
Carmen Jarvis,(387)706-5326x179,huntmichelle@example.org,55
Rodney Brown,(889)303-7114x209,eblackburn@example.net,56
Lisa Smith,291.532.4267x65369,richardjohnson@example.org,44
Debbie Sanchez,511-496-6476x8176,morganjones@example.org,47
William French,001-783-529-7240,brenda14@example.net,61
Holly Diaz,450-936-1757x87831,freemanmichael@example.org,49
Jamie Henderson,(337)708-0083,yfreeman@example.org,45
Evan Townsend,+1-735-413-1084x437,hollyjohnson@example.org,29
Mr. Joshua Brown DDS,602-987-8156x21374,armstrongharold@example.net,39
Elizabeth Gibson,+1-698-616-6613x101,wgallegos@example.net,19
Allen Murray,(994)715-3289,jeremy11@example.org,36
Sandra Clark PhD,742-463-1504,millertimothy@example.net,24
Roberto Alvarez,3778962624,william33@example.net,38
Christine Farmer,(695)230-7773x10173,matthew18@example.com,28
Alejandro Campbell,(466)258-6382x47515,pmendoza@example.org,53
David Mcdonald,(312)925-7039x7064,cbarnett@example.com,39
Kristen Lopez,753-482-7813,kayla06@example.org,34
Justin Buckley,4636665763,amanda71@example.com,53
Angela Kirk,(497)694-8980,sarah05@example.com,40
Brian Sandoval,315.854.8177x27085,sstevens@example.com,31
Tonya May,229.646.0621x7589,williamsheather@example.net,36
Scott Taylor,5737073976,carmenmurphy@example.com,21
Kelly Perez,+1-947-621-2638x19416,christopher57@example.com,47
Chad Hamilton,319.382.3022,lewiskenneth@example.net,54
Mark King III,592.709.9399,stacey95@example.org,46
Steven Gonzalez,4578170718,swalker@example.org,21
Jessica Hansen,800-792-3363x830,danielsrobert@example.com,50
Charles Hopkins,948-323-9601x728,beth33@example.com,59
John Kaiser,(388)710-6020x440,victorrandolph@example.net,28
Scott Lopez,+1-885-959-2313x2614,shieldsjohn@example.net,28
Sabrina Higgins,552.335.6987x537,josephhuerta@example.net,58
Brandon Shepard,821-545-9453x088,levi93@example.net,52
Chad Anderson,+1-567-890-0392,pdunn@example.org,45
Richard Bradshaw,001-705-423-5820x4494,bellkatelyn@example.net,35
Wendy James,884.804.2722x829,alison70@example.com,18
Kimberly Ellison,+1-911-572-9287x2062,johnsonjonathan@example.org,27
Connie Watkins,904.355.3655,jameshicks@example.org,41
Ashley Townsend,966-362-7314x7380,uwheeler@example.org,55
Michael George,268-930-5624,adrian21@example.net,25
Cindy Mcpherson,+1-914-759-4327x71959,matthewcrosby@example.org,31
Jonathan Mcclain,303-679-9231x6051,mcdowellkeith@example.com,40
Angela Gomez,9897016192,mvelasquez@example.net,28
Mark Jenkins,888-427-8995,erin63@example.org,32
Samantha Walker,925.847.4071x26502,zschneider@example.com,54
John Thompson,(953)883-0433x73645,davidjones@example.com,52
Joshua Mcclain,(516)220-5937,joan81@example.org,23
Daniel Ramirez,+1-597-923-6263x2828,chenkaylee@example.com,29
Jessica Pope,(504)627-2491x478,hmclaughlin@example.com,62
Louis Gillespie,(772)366-6820x5419,vjenkins@example.org,41
Lauren Glass,001-939-325-5783x787,monicaramirez@example.org,56
Theresa Burke,412-709-3199,crystal39@example.net,21
Christopher Garrett,418-298-7418x5813,alicia03@example.org,45
Rebecca Holland,676.611.5021,vickiedean@example.com,26
Holly Brewer,001-839-865-1873x617,aallen@example.com,38
Kendra Hensley,796-212-1471,crosbysally@example.net,18
Laura Moon,9003788545,agonzalez@example.net,50
Scott Arroyo,(678)656-1066x141,monica91@example.net,26
Jose Stevens,(887)241-6212x863,anne29@example.net,63
Jimmy Shaffer,651-816-9429,huffmantony@example.net,23
Michael White,(519)954-8149x0377,ericarobinson@example.com,55
Nicole Duran,(966)394-4925x262,kevin73@example.net,58
Vincent Johnson,(897)620-6079x7300,patrick94@example.org,53
